market,security,last_add,ticker,touches_defective_cell
Australia,AFTERPAY,May20,,False
Australia,ALUMINA,May20,,False
Australia,ARROW ENERGY,May09,,False
Australia,CAMPBELL BROTHERS,Nov11,,False
Australia,CARSALES.COM.AU,Nov23,,False
Australia,CENTRO RETAIL AUSTRALIA,May12,,False
Australia,DUET GROUP,Nov15,,False
Australia,ENERGY RESOURCES OF AUST                  MACQUARIE OFFIC,May09,,False
Australia,FLIGHT CENTRE,Nov12,FLT.AX,False
Australia,FORTESCUE METALS GROUP,May07,,False
Australia,MACARTHUR COAL,May10,,False
Australia,MACQUARIE OFFICE TRUST,Feb06,,False
Australia,OIL SEARCH,Nov15,,False
Australia,OXIANA,Nov07,,False
Australia,PALADIN RESOURCES (AU),May06,,False
Australia,PATTINSON (WASHINGTON),Nov18,,False
Australia,PLATINUM ASSET MGT,Feb15,,False
Australia,QUEENSLAND GAS COMPANY,Nov08,,False
Australia,SEVEN GROUP HOLDINGS,Feb24,,False
Australia,SIMS GROUP,Feb08,,False
Australia,SP AUSNET,Feb09,,False
Australia,ST GEORGE BANK,Nov07,,False
Australia,ZINIFEX,May06,,False
China,21VIANET GROUP A ADR,Feb21,,False
China,360 DIGITECH ADR A,May21,,False
China,51JOB ADR,May18,,False
China,58.COM ADR,Nov15,,False
China,A-LIVING SERVICES CO H,Nov19,,False
China,AAC TECHNOLOGIES HLDG CN,Nov13,,False
China,AEROSPACE TIMES A (HK-C),Nov19,600879.SS,False
China,AGRI BANK OF CN A (HK-C),May18,,False
China,AISINO CO A (HK-C),May18,600271.SS,False
China,ARTGO HOLDINGS,Nov19,3313.HK,False
China,AUTEK CHINA A (HK-C),Nov19,300595.SZ,False
China,AVIC AIRCRAFT A (HK-C),May18,,False
China,AVIC AVIATION HI A(HK-C),Feb21,600862.SS,False
China,AVIC CAPITAL CO A (HK-C),May18,,False
China,AVIC ELECMECH A (HK-C),Nov19,,False
China,AVIC JONHON OPTR A(HK-C),Nov19,,False
China,AVIC SHENYANG A (HK-C),Aug18,600760.SS,False
China,BAIDU ADR,Nov15,,False
China,BANK OF CHINA A (HK-C),May18,,False
China,BANK OF GUIYANG A (HK-C),May18,601997.SS,False
China,BEIGENE ADR (CN),Nov20,,False
China,BEIJING CAPITAL A (HK-C),May18,600008.SS,False
China,BEIJING KUNLUN A (HK-C),May20,,False
China,BEIJING NEW BLDG A(HK-C),Nov19,,False
China,BEIJING ORIENT A (HK-C),May18,002271.SZ,False
China,BELLE INT'L HLDGS(CN),May08,,False
China,BILIBILI ADR Z,May20,,False
China,BLUEFOCUS INTG A (HK-C),Feb26,,False
China,BOC INTL A (HK-C),May21,,False
China,BOSIDENG INTL HLDGS,Aug19,,False
China,BRILLIANCE CHINA AUTO,Nov23,1114.HK,False
China,BYD CO A (HK-C),May18,,False
China,BYD ELECTRONIC INTL,Nov17,,False
China,CHANGSHA ZOOMLION H,Feb11,,False
China,CHINA AGRI HOLDINGS,May18,,False
China,CHINA AVIONICS A (HK-C),May18,,False
China,CHINA CITIC BK A (HK-C),Aug25,,False
China,CHINA CNR CORP H,Nov14,,False
China,CHINA COMMU CON A (HK-C),May18,,False
China,CHINA CONST BK A (HK-C),May18,,False
China,CHINA CSSC HLDG A (HK-C),May21,,False
China,CHINA ENER ENGR A (HK-C),Feb22,,False
China,CHINA EVERBRIGHT INT'L,May13,,False
China,CHINA GEZHOUBA A (HK-C),May18,,False
China,CHINA GOLD INTL RES (CN),Nov25,,False
China,CHINA GRAND AUTO A(HK-C),May18,,False
China,CHINA HAINAN RUB A(HK-C),May18,601118.SS,False
China,CHINA HUARONG AST MGMT H,Nov16,,False
China,CHINA INSURANCE INT' L,Nov07,,False
China,CHINA INTL CPTL A (HK-C),Feb21,,False
China,CHINA INTL CPTL CORP H,May18,,False
China,CHINA INTL TRVL A (HK-C),May18,,False
China,CHINA INV FUND INTL (CN),Nov18,,False
China,CHINA LIFE INS A (HK-C),May18,,False
China,CHINA LODGING GRP ADR,May18,,False
China,CHINA MERCH BK A (HK-C),May18,,False
China,CHINA MINMETALS A (HK-C),Nov21,,False
China,CHINA NAT BUILDING MAT H,Nov07,,False
China,CHINA NAT'L A (HK-C),Nov22,,False
China,CHINA NATL CHEM A (HK-C),May18,,False
China,CHINA NATL NUCL A (HK-C),May18,,False
China,CHINA NATNL MATERIAL   H,Nov10,,False
China,CHINA NETCOM GROUP,Nov07,,False
China,CHINA OILFIELD SVCS H,Nov07,,False
China,CHINA POWER INTL,May18,,False
China,CHINA RAIL CONST A(HK-C),May18,,False
China,CHINA RAIL GRP A (HK-C),Aug19,,False
China,CHINA RAIL HI TE A(HK-C),Nov19,600528.SS,False
China,CHINA REFORM A (HK-C),Nov19,,False
China,CHINA SHINEWAY PHARM GRP,May10,,False
China,CHINA SHIPB IND A (HK-C),Nov18,600482.SS,False
China,CHINA SHIPBLDG A (HK-C),May18,,False
China,CHINA SPACESAT A (HK-C),May18,600118.SS,False
China,CHINA STH AIRL A (HK-C),May18,,False
China,CHINA UNICOM,Nov07,,False
China,CHINA UTD NETWK A (HK-C),Aug21,,False
China,CHINA VANKE CO A (HK-C),May18,,False
China,CHINA VANKE CO B,Nov07,,False
China,CHINA ZHENGTONG AUTO SER              CHINA,Nov11,,False
China,CHONGQING CHANG A (HK-C),May18,001296.SZ,False
China,CHOW TAI FOOK (CN),Nov22,,False
China,CNPC HONG KONG,Nov07,,False
China,COSCO SHIP HLDG A (HK-C),May18,,False
China,COSCO SHIPPING ENERGY H,May26,,False
China,COSCO SHIPPING HLDGS H,May18,,False
China,CSC FINANCIAL A (HK-C),Nov19,,False
China,CTRIP COM INTL ADR,Nov15,,False
China,DA AN GENE CO A (HK-C),May20,,False
China,DAH CHONG HONG (CN)                   CHINA,Nov11,,False
China,DALI FOODS GROUP CO,May18,,False
China,DALIAN WANDA COMM PROP H,May15,,False
China,DAPHNE INTL HOLDINGS(CN)              CHINA,Nov11,,False
China,DATANG INTL PWR A (HK-C),Nov22,,False
China,DAWNING INFO A (HK-C),Nov21,603019.SS,False
China,DONGFANG ELE MACH H,Nov07,,False
China,DONGFANG ELECTR A (HK-C),Nov18,000682.SZ,False
China,DONGFENG MOTOR GROUP H,Nov25,,False
China,EVER SUNSHINE LIFESTYLE,Feb21,,False
China,EVERGRANDE REAL ESTATE,Nov10,,False
China,FAR EAST HORIZON                      GREEN,Nov11,,False
China,FOSUN INT'L(CN),May08,,False
China,FOUNDER TECH GRP A(HK-C),Feb26,,False
China,FOXCONN INDL A (HK-C),Feb19,,False
China,FRANSHION PROPERTIES,Aug09,,False
China,FUJIAN ANJOY A (HK-C),Nov20,,False
China,FUSHAN INT'L ENERGY(CN),Aug09,,False
China,FUTURE LAND DEVELOPMENT,May18,,False
China,FUYAO GLASS IND GRP H,Nov16,,False
China,GCL POLY ENERGY,May21,,False
China,GDS HOLDINGS A ADR,May18,,False
China,GIGA DEVICE SC A (HK-C),Nov19,,False
China,GLODON CO A (HK-C),Nov19,002410.SZ,False
China,GONGNIU GROUP A (HK-C),Aug23,,False
China,GSX TECHEDU A ADR,May20,,False
China,GUOTAI JUNAN SE A (HK-C),May18,,False
China,GUOXUAN HI TECH A (HK-C),Nov19,,False
China,HAIER ELCTRNCS GRP(CN)                HIDIL,Nov11,,False
China,HAINAN AIRLINES A (HK-C),May23,900945.SS,False
China,HAITIAN INTL HLDGS,Nov13,,False
China,HANERGY SOLAR GROUP,Nov13,,False
China,HANG ZHOU GREAT A (HK-C),Aug23,,False
China,HANGZHOU HIKVIS A (HK-C),May18,002415.SZ,False
China,HANGZHOU STEAM TURBINE B,May07,,False
China,HANS LASER TECH A (HK-C),May18,,False
China,HEILAN HOME A (HK-C),May18,,False
China,HENGAN INT'L GROUP CO,May07,,False
China,HENGTEN NETWORKS (CN),May21,,False
China,HESTEEL CO A (HK-C),May18,,False
China,HIDILI INDUSTRY INTL DEV,Aug09,,False
China,HONGFA TECH A (HK-C),Nov19,600885.SS,False
China,HUA HONG SC (CN),Aug18,,False
China,HUAAN SECURITIES A(HK-C),May18,600909.SS,False
China,HUADIAN POWER INT'L H,Nov14,,False
China,HUANENG RENEWABLES H,May15,,False
China,HUATAI SEC CO A (HK-C),May18,,False
China,HUAXIA BANK A (HK-C),May18,,False
China,HUMANWELL HEALTH A(HK-C),Nov20,600079.SS,False
China,HUNAN VALIN A (HK-C),Nov19,001208.SZ,False
China,HUTCHISON CHINA ADR,Nov18,,False
China,ICBC A (HK-C),May18,,False
China,INGENIC SC A (HK-C),Nov20,,False
China,INNER MONGOLIA X A(HK-C),Nov25,603230.SS,False
China,INSPUR ELECTRS A (HK-C),Nov19,,False
China,INTIME DEPARTMENT STORE,May11,,False
China,JD.COM ADR,Nov15,,False
China,JIANGSU CHANGJI A (HK-C),Nov19,,False
China,JIANGXI GANFENG A (HK-C),May18,,False
China,JIHUA GROUP A (HK-C),May18,601718.SS,False
China,JINYU BIO TECH A (HK-C),Nov19,600201.SS,False
China,KANGDE XIN COMP A (HK-C),May18,,False
China,KANGMEI PHARMA A (HK-C),May18,600518.SS,False
China,KANZHUN A ADR,Nov21,,False
China,KINGBOARD CHEM HLDG (CN),Nov17,,False
China,KINGBOARD CHEM. HOLD(CN),May09,,False
China,KINGDEE INTL SOFTWARE,May18,,False
China,KNGBRD LAMNTS HLDG (CN),May26,,False
China,KOOLEARN TECHNOLOGY HLDG,Nov22,,False
China,KWG PPTY HLDG,May18,,False
China,LAOBAIXING PHAR A (HK-C),Nov19,,False
China,LEGEND BIOTECH CORP ADR,Nov21,,False
China,LI AUTO ADR,Feb21,,False
China,LIAONING CHENG A (HK-C),May18,688739.SS,False
China,LOGAN PROPERTY HOLDINGS,May18,,False
China,LOMON BILLIONS A (HK-C),Nov19,,False
China,LONGFOR PROPERTIES CO,May10,,False
China,MATERIALS IND A (HK-C),Nov19,000909.SS,False
China,MEITUAN DIANPING B,Feb19,,False
China,MIDEA GROUP CO A (HK-C),Feb24,,False
China,MINISO GROUP HLDG ADR A,Feb23,,False
China,MOMO A ADR,May17,,False
China,MUYUAN FOODSTUFF A(HK-C),May18,,False
China,NANYANG TOPSEC A (HK-C),May20,,False
China,NAURA TECH GRP A (HK-C),Nov19,,False
China,NETDRAGON WEBSOFT,May08,0777.HK,False
China,NETEASE COM ADR,Nov15,,False
China,NEW ORIENTAL EDUCAT ADR,Nov15,,False
China,NEW WRLD CHNA LND(CN),Nov13,,False
China,NINGBO ZHOUSHAN A (HK-C),Aug19,601018.SS,False
China,NIO A ADR,May19,,False
China,O FILM TECH CO A (HK-C),May18,,False
China,ORIENT OVERSEAS (CN),May22,,False
China,ORIENT SEC CO A (HK-C),May18,,False
China,PACIFIC SEC A (HK-C),Nov19,,False
China,PEOPLE'S INS A (HK-C),Feb20,,False
China,PETROCHINA CO A (HK-C),May18,,False
China,PINDUODUO ADR A,Feb19,,False
China,POLY HNG KNG INVST(CN),Nov09,,False
China,POLY PROPERTY DEVLPT H,May20,,False
China,POLY REAL EST A (HK-C),May18,,False
China,QIAQIA FOOD CO A (HK-C),May20,,False
China,QIHOO 360 TECH A ADR,Nov15,,False
China,QINGDAO HAIER A (HK-C),May18,688139.SS,False
China,QUNAR CAYMAN ISLANDS ADR,Nov15,,False
China,RLX TECHNOLOGY ADR,Feb23,,False
China,SDIC POWER HLDGS A(HK-C),May23,,False
China,SERES GROUP CO A (HK-C),May23,,False
China,SHANDONG GOLD A (HK-C),May18,603586.SS,False
China,SHANDONG HONT A (HK-C),Feb26,,False
China,SHANDONG SINOC A (HK-C),Nov19,300285.SZ,False
China,SHANDONG WEIGAO GP MED H,May09,,False
China,SHANGHAI BAILIAN A(HK-C),May21,600827.SS,False
China,SHANGHAI BAOSIG A (HK-C),Nov19,900926.SS,False
China,SHANGHAI ELECT A (HK-C),Nov25,688660.SS,False
China,SHANGHAI INTL AI A(HK-C),May18,,False
China,SHANGHAI JAHWA A (HK-C),Nov19,600315.SS,False
China,SHANGHAI LUJIA. B SS(USD,Nov07,,False
China,SHANGHAI PHARM H                      KWG P,Nov11,,False
China,SHANGHAI PUDONG A (HK-C),May18,600284.SS,False
China,SHANGHAI ZHENHUA PORT- B,Nov07,,False
China,SHANXI XISHAN A (HK-C),May18,,False
China,SHENGYI ELECTS A (HK-C),Nov25,,False
China,SHENZHEN A (HK-C),Feb26,,False
China,SHENZHEN EVENWIN A(HK-C),Nov25,,False
China,SHENZHEN GREEN A (HK-C),Nov19,,False
China,SHENZHEN HUIDING A(HK-C),Nov19,,False
China,SHIMAO PROPERTY HLDGS,Nov06,,False
China,SIEYUAN ELECTRIC A(HK-C),Nov21,002028.SZ,False
China,SINA CORP,Nov16,,False
China,SINO-OCEAN LAND HLDGS,May08,,False
China,SINOCHEM HONG KONG,May06,,False
China,SMIC,Nov14,0981.HK,False
China,SOUFUN HOLDINGS ADR,Nov15,,False
China,SUN ART RETAIL GROUP                  LI NI,Nov11,,False
China,SUNAC CHINA HOLDINGS,May15,1918.HK,False
China,SUNING.COM CO A (HK-C),May18,002024.SZ,False
China,SUNWODA ELECTRS A (HK-C),Nov19,,False
China,SUZHOU A (HK-C),May26,002081.SZ,False
China,SUZHOU TA&A A (HK-C),Nov21,,False
China,TASLY PHARMA A (HK-C),May18,600535.SS,False
China,TCL CORP A (HK-C),Aug18,,False
China,TEBIAN ELEC APP A (HK-C),May18,,False
China,TENCENT HOLDINGS LIM(CN),May08,,False
China,TENCENT MUSIC ENT A ADR,Feb19,,False
China,TIANJIN ZHONHUA A (HK-C),Nov19,,False
China,TINGYI HOLDING CORP(CN),May08,,False
China,TONGHUA DONGBAO A (HK-C),May18,600867.SS,False
China,TSINGHUA UNISPL A (HK-C),May18,,False
China,TUS SOUND ENV A (HK-C),May18,,False
China,VENUSTECH GROUP A (HK-C),Nov19,002439.SZ,False
China,VINDA INTL HOLDINGS(CN),May20,,False
China,VIPSHOP HOLDINGS ADR,Nov15,,False
China,WANGFUJING GRP A (HK-C),Nov20,,False
China,WANHUA CHEM GRP A (HK-C),Aug19,,False
China,WESTONE INFO IND A(HK-C),Nov21,,False
China,WILL SC A (HK-C),Nov19,,False
China,WINGTECH TECH A (HK-C),Feb20,600745.SS,False
China,WONDERS INFO CO A (HK-C),May20,300168.SZ,False
China,WUHU SHUNRONG A (HK-C),May18,,False
China,WUXI LEAD INTG A (HK-C),May19,,False
China,WUXI SHANGJI A (HK-C),May21,,False
China,XIAOMI CORP B,Feb19,,False
China,XINAO GAS HOLDINGS,Nov09,,False
China,XINHU ZHONGBAO A (HK-C),May18,,False
China,XINJIANG GOLDW A (HK-C),May18,,False
China,YANGTZE OPTICAL A (HK-C),May26,688143.SS,False
China,YANZHOU COAL A (HK-C),May19,,False
China,YINGDE GASES GROUP CO                 MAANS,Nov11,,False
China,YINTAI RESOURCE A (HK-C),Nov19,,False
China,YOUKU TUDOU ADR,Nov15,,False
China,YOUNGOR GROUP A (HK-C),May20,,False
China,YTO EXPRESS GRP A (HK-C),Nov20,,False
China,YUZHOU PROPERTIES CO,May18,,False
China,YY INC ADR,Nov15,,False
China,ZHEJIANG CHINA A (HK-C),May21,301077.SZ,False
China,ZHEJIANG SATEL A (HK-C),May21,,False
China,ZHEJIANG SUPCON A (HK-C),Nov22,,False
China,ZHENGZHOU YUTON A (HK-C),May18,,False
China,ZHONGSHENG GROUP HLDGS                SHANG,Nov11,,False
China,ZHUZHOU CSR TIMES ELEC H,Nov10,,False
China,ZTO EXPRESS ADR A,Feb19,,False
HongKong,CITIC INT'L FINL HLDGS,Nov07,,False
HongKong,ESR CAYMAN,Nov20,,False
HongKong,HENDERSON INVESTMENT,Nov07,0097.HK,False
HongKong,HONGKONG LAND (USD),Nov15,,False
HongKong,INDL&COMM BK CHINA(ASIA),Nov10,,False
HongKong,JARDINE MATHESON (USD),Feb16,,False
HongKong,JARDINE STRATEGIC (USD),Feb17,,False
HongKong,MELCO CROWN ENTMT ADR,Nov15,,False
HongKong,WHEELOCK AND CO,Nov07,,False
HongKong,WING LUNG BANK,May08,,False
India,ADANI ENERGY SOLUTIONS,May26,ADANIENSOL.NS,False
India,ADITYA BIRLA NUVO,May07,,False
India,BAJAJ HLDGS & INVESTMENT,Nov22,,False
India,BHARTI INFRATEL,May15,,False
India,BOMBAY STOCK EXCHANGE,Nov24,,False
India,CAIRN INDIA,May12,,False
India,CENTURION BK OF PUNJAB,Feb08,,False
India,CUMMINS INDIA KIRLOSKAR,Aug23,,False
India,GMR AIRPORTS INFRA,Feb24,,False
India,GODREJ CONSUMER PDTS,May12,,False
India,ICICI LOMBARD GENL INS,May19,,False
India,IDEA CELLULAR,Nov11,,False
India,JINDAL STEEL & POWER,May22,,False
India,L AND T FINANCE,Feb26,,False
India,LARSEN AND TOUBRO INFO,Nov20,,False
India,M & M FIN SECS,Aug13,,False
India,MACROTECH DEVELOPERS,Nov23,,False
India,MINDTREE,Nov21,,False
India,MOTHERSON SUMI SYSTEMS,Nov14,,False
India,MULTI CMDTY EXCH INDIA,May26,,False
India,MUNDRA PORT AND SEZ,May11,,False
India,ORACLE FINL SVCS SOFTW,Aug24,,False
India,PIRAMAL HEALTHCARE,May10,,False
India,RELIANCE PETROLEUM,Feb08,,False
India,RURAL ELECTRIFICATION CO,May17,,False
India,SATYAM COMPUTER SERVICES,Aug09,,False
India,SESA GOA,Nov08,,False
India,STERLITE INDUSTRIES,Nov07,,False
India,TITAN INDUSTRIES,May11,,False
India,TUBE INVESTMENT (NEW),Nov22,,False
India,ZOMATO,Nov21,,False
Indonesia,ADARO ENERGY PT,Nov09,,False
Indonesia,BANK INT'L INDONESIA,May08,,False
Japan,AIOI INSURANCE,Nov07,,False
Japan,ALPS ELECTRIC CO,Aug15,,False
Japan,DAIHATSU MOTOR CO,Nov07,,False
Japan,DAINIPPON SUMITOMO PHARM,Nov07,,False
Japan,DON QUIJOTE CO,Nov12,,False
Japan,FUJI HEAVY INDUSTRIES,Nov07,,False
Japan,GUNGHO ONLINE ENT,May13,3765.T,False
Japan,HANSHIN ELEC. RAILWAY CO,May06,,False
Japan,HIROSHIMA BANK,Nov12,,False
Japan,HITACHI HIGH-TECH,May06,,False
Japan,HITACHI METALS,Nov07,,False
Japan,HOSHIZAKI ELECTRIC CO,Nov15,,False
Japan,ITOCHU TECHNO-SOLUTIONS,May19,,False
Japan,JUPITER TELECOM,May07,,False
Japan,KEIHAN ELECTRIC RAILWAY,Nov14,,False
Japan,LINE CORP,Nov16,,False
Japan,MINEBEA CO,Nov14,,False
Japan,MIRACA HOLDINGS,Nov10,,False
Japan,MITSUBISHI UFJ LEASE FIN,May07,,False
Japan,MITSUBISHI UFJ NICOS CO,May08,,False
Japan,MIZUHO TRUST & BANKING,Nov07,,False
Japan,MONOTARO CO                           MABUC,Nov18,,False
Japan,NIHON M&A CENTER,May20,2127.T,False
Japan,NIPPON PAINT CO,Nov13,,False
Japan,NIPPONKOA INSURANCE CO,Nov07,,False
Japan,NISSAN CHEMICAL IND,Nov16,,False
Japan,NISSAY DOWA GEN INS,Nov08,,False
Japan,NOMURA REAL ESTATE HLD,May07,,False
Japan,OKUMA HOLDINGS,May06,,False
Japan,PERSOL HOLDINGS CO                    HIROS,Nov17,,False
Japan,PIGEON CORP                           NOK C,Nov18,,False
Japan,SCSK CORP,May20,,False
Japan,SQUARE ENIX CO,Nov07,,False
Japan,START TODAY,May16,,False
Japan,SUMCO                                 MIRAC,Nov17,,False
Japan,SUMITOMO TITANIUM CORP,May06,,False
Japan,WELCIA HOLDINGS CO                    TOKYO,Nov18,,False
Japan,YAMAGUCHI FINANCIAL GP,May08,,False
Korea,BGF RETAIL,Aug15,282330.KS,False
Korea,CELLTRION HEALTHCARE,Nov17,,False
Korea,CJ E&M CORPORATION,Nov15,,False
Korea,CJ KOREA EXPRESS CORP,Nov14,,False
Korea,DACOM CORP,Nov07,,False
Korea,DAEWOO INT'L CORP,May06,,False
Korea,DAUM COMMUNICATIONS CORP,Nov14,,False
Korea,DC CHEMICAL CO,Nov07,,False
Korea,DONGBU INSURANCE CO,May06,,False
Korea,DOOSAN HEAVY INDUSTRIES,Nov20,,False
Korea,FILA KOREA,Nov18,,False
Korea,HALLAVISTEON CLIMATE,May13,,False
Korea,HYNIX SEMICONDUCTOR,Nov07,,False
Korea,HYUNDAI ENGR. & CONSTR.,Feb26,,False
Korea,HYUNDAI HYSCO,May11,,False
Korea,ILJIN MATERIALS,Nov21,,False
Korea,ING LIFE INSURANCE KOREA,Nov17,,False
Korea,KOREA KUMHO PETROCHEM CO,May11,,False
Korea,KOREA ZINC,May06,010130.KS,False
Korea,KT FREETEL,May06,,False
Korea,LG HOUSEHOLD & HEAL PREF,May16,,False
Korea,LG INDUSTRIAL SYSTEMS CO,Aug09,,False
Korea,LG TELECOM,Nov07,,False
Korea,LIG NEX1,Aug25,,False
Korea,LOTTE CHILSUNG BEVERAGE,Nov15,005300.KS,False
Korea,LOTTE CONFECTIONERY CO,May06,,False
Korea,MERITZ FIRE & MARINE INS,Feb22,,False
Korea,MERITZ SECURITIES CO,May19,,False
Korea,MIRAE ASSET SEC CO LTD,May06,006805.KS,False
Korea,ORION CORP,Nov11,271560.KS,False
Korea,POSCO CHEMTECH CO,Nov18,,False
Korea,SAMSUNG ENGINEERING CO,May18,,False
Korea,STX SHIPBUILDING CO,Nov07,,False
Korea,TONG YANG INVEST BANK,May06,,False
Korea,VIROMED CO,May18,,False
Korea,WOONGJIN COWAY CO,May06,,False
Korea,WOORI FINANCE HOLDINGS,Nov07,,False
Malaysia,ALLIANCE FINANCIAL GROUP,Nov07,,False
Malaysia,ASIATIC DEVELOPMENT,Feb08,,False
Malaysia,DIGI.COM,Nov07,,False
Malaysia,MALAYSIA AIRPORTS HLDGS,May11,,False
Malaysia,PRESS METAL ALUMINIUM,Nov17,8869.KL,False
Malaysia,SUNWAY,Aug24,5263.KL,False
Malaysia,UEM LAND HOLDINGS,May11,,False
Malaysia,UEM WORLD,May07,,False
Malaysia,YTL POWER INT'L,Nov07,,False
NewZealand,MERIDIAN ENERGY INST REC,Nov14,,False
NewZealand,MIGHTY RIVER POWER,Nov14,,False
Philippines,AC ENERGY CORP,Nov21,,False
Philippines,ICTSI INT'L CONTAINER,Nov11,,False
Philippines,METRO PACIFIC INVEST,May13,,False
Philippines,PNOC ENERGY DEV CORP,May07,,False
Singapore,CAPITACOMMERCIAL TRUST,Nov12,,False
Singapore,GENTING INTERNATIONAL,Nov07,,False
Singapore,GLOBAL LOGISTICS PROP,Nov10,,False
Singapore,KEPPEL LAND,May10,,False
Singapore,MAPLETREE COMM TRUST,Nov19,,False
Singapore,SEA A ADR,May21,,False
Taiwan,CHINA LIFE INSURANCE CO,May10,,False
Taiwan,FARGLORY DEVELOPERS CO,May09,,False
Taiwan,FORMOSA INT'L HOTELS,May09,,False
Taiwan,HERMES MICROVISION,Nov12,,False
Taiwan,INNOLUX DISPLAY,Feb07,,False
Taiwan,INOTERA MEMORIES (ATM),May14,,False
Taiwan,KGI SECURITIES CO,Nov07,,False
Taiwan,MSTAR SEMICONDUCTOR,Feb11,,False
Taiwan,PRIME VIEW INTERNATIONAL,Aug09,,False
Taiwan,TAIWAN COOPERATIVE BANK,Nov07,,False
Taiwan,VANGUARD INT'L SEMICON,May13,,False
Thailand,AIRPORTS OF THAILAND,Nov12,AOT.BK,False
Thailand,BANGKOK DUSIT MED. SVCS,Nov12,,False
Thailand,BANK OF AYUDHYA,Nov07,BAY.BK,False
Thailand,BUMRUNGRAD HOSPITAL PUB,May14,BH.BK,False
Thailand,CENTRAL PATTANA PUB CO,Nov12,CPN-R.BK,False
Thailand,CHAROEN POKPHAND FOODS,Nov09,CPF.BK,False
Thailand,DELTA ELECTRONICS THAI,Nov20,DELTA.BK,False
Thailand,GLOW ENERGY,May06,,False
Thailand,GULF ENERGY DEVELOPMENT,Nov18,,False
Thailand,INTOUCH HOLDINGS,May19,,False
Thailand,KASIKORNBANK,Aug22,KBANK-R.BK,False
Thailand,MINOR INTERNATIONAL,May13,MINT.BK,False
Thailand,RATCHABURI ELECTRICITY,May19,,False
Thailand,RAYONG REFINERY PCL,Aug06,,False
Thailand,ROBINSON DEPT STORE,May16,,False
Thailand,SHIN CORP PCL,May13,,False
Thailand,SIAM CEMENT,May12,SCC.BK,False
Thailand,SIAM MAKRO,May23,,False
Thailand,THAI MILITARY BANK ORD,Nov13,,False
Thailand,THAI PETROCHEMICAL INDUS,Nov06,,False
Thailand,THAI UNION FROZEN PROD,Nov14,,False
Thailand,TMBTHANACHART BANK,Aug23,TTB-R.BK,False
Thailand,TRUE CORP,May13,TRUE.BK,False
